{"key": "0053iq11",
	 "functions": [{"id": "1",
	 "no": "1",
	 "values": [0, 255],
	 "permission": "777",
	 "length": "8",
	 "value_des": [],
	 "title": "温度",
	 "value": 0, "name": "TEMP"}, {"id": "3",
	 "no": "3",
	 "values": [0, 1],
	 "permission": "466",
	 "length": "5",
	 "value_des": [{"val":"1", "des": "开"}],
	 "title": "蜂鸣",
	 "value": 0, "name": "BEEP"}, {"id": "4",
	 "no": "4",
	 "values": [0, 1],
	 "permission": "777",
	 "length": "1",
	 "value_des": [{"val": "0", "des": "关"}, {"val": "1", "des": "开"}],
	 "title": "消毒",
	 "value": 0, "name": "DISINFECT"}, {"id": "5",
	 "no": "5",
	 "values": [0, 1],
	 "permission": "777",
	 "length": "1",
	 "value_des": [{"val":"0", "des": "关"}, {"val":"1","des": "开"}],
	 "title": "烘干",
	 "value": 0, "name": "DRY"}, {"id": "6",
	 "no": "6",
	 "values": [0, 1],
	 "permission": "777",
	 "length": "1",
	 "value_des": [{"val":"0","des": "关"}, {"val":"1", "des": "开"}],
	 "title": "电源",
	 "value": 0, "name": "POWER"}, {"id": "7",
	 "no": "7",
	 "values": [0, 4],
	 "permission": "777",
	 "length": "3",
	 "value_des": [{"val":"0","des": "关风"}, {"val":"1", "des": "低档"}, {"val":"2", "des": "中档"}, {"val":"4","des": "高档"}],
	 "title": "风量",
	 "value": 0, "name": "WIND"}, {"id": "8",
	 "no": "8",
	 "values": [0, 1],
	 "permission": "777",
	 "length": "1",
	 "value_des": [{"val":"0","des": "关"}, {"val":"1","des": "开"}],
	 "title": "清洗",
	 "value": 0, "name": "WASH"}, {"id": "9",
	 "no": "9",
	 "values": [0, 1],
	 "permission": "777",
	 "length": "1",
	 "value_des": [{"val":"0","des": "关"}, {"val":"1","des": "开"}],
	 "title": "照明",
	 "value": 0, "name": "LIGHT"}, {"id": "10",
	 "no": "10",
	 "values": [1, 2],
	 "permission": "777",
	 "length": "2",
	 "value_des": [{"val":"1","des": "升"}, {"val":"2","des": "降"}],
	 "title": "风门",
	 "value": 0, "name": "WIND_DOOR"}, {"id": "11",
	 "no": "11",
	 "values": [0, 1],
	 "permission": "777",
	 "length": "1",
	 "value_des": [{"val":"0","des": "关"}, {"val":"1","des": "开"}],
	 "title": "氛围灯",
	 "value": 0, "name": "LAMP_MODE"}, {"id": "2",
	 "no": "2",
	 "values": [0, 7],
	 "permission": "766",
	 "length": "8",
	 "value_des": [{"val":"0","des": "电源状态故障"}, {"val":"1","des": "电压波动"}, {"val":"2","des": "煤气泄露"}, {"val":"3","des": "电机堵转"}, {"val":"4","des": "点火失败"}, {"val":"5","des": "燃烧定时失效"}, {"val":"6","des": "防火墙故障"}, {"val":"7","des": "漏电"}],
	 "title": "故障状态",
	 "value": 0, "name": "ERROR"}],
	 "model": "J1",
	 "name": "集成灶",
	 "faults":[],
	 "params":[]
	}