{
    "name": "森泰集成灶",
    "model": "S1",
    "key": "nyjYyfE6",
    "secret": "UC9ItwqlwFDzRHEUJtOhDBU3JaWQpCXB",
    "functions": [
        {
            "value": 0,
            "name": "POWER",
            "permission": "777",
            "no": "1",
            "length": "8",
            "id": "1",
            "values": [
                0,
                1
            ],
            "title": "开关",
            "unit": "",
            "value_des": [
                {
                    "data": "1",
                    "desc": "开"
                },
                {
                    "data": "0",
                    "desc": "关"
                }
            ]
        },
        {
            "value": 0,
            "name": "LAMP",
            "permission": "777",
            "no": "2",
            "length": "8",
            "id": "2",
            "values": [
                0,
                1
            ],
            "title": "照明",
            "unit": "",
            "value_des": [
                {
                    "data": "0",
                    "desc": "关"
                },
                {
                    "data": "1",
                    "desc": "开"
                }
            ]
        },
        {
            "value": 0,
            "name": "FAN_LEFT",
            "permission": "777",
            "no": "3",
            "length": "8",
            "id": "3",
            "values": [
                0,
                3
            ],
            "title": "风机",
            "unit": "",
            "value_des": [
                {
                    "data": "0",
                    "desc": "关"
                },
                {
                    "data": "1",
                    "desc": "1档风"
                },
                {
                    "data": "2",
                    "desc": "2挡风"
                },
                {
                    "data": "3",
                    "desc": "3挡风"
                }
            ]
        },
        {
            "value": 0,
            "name": "DISINFECT",
            "permission": "777",
            "no": "4",
            "length": "8",
            "id": "4",
            "values": [
                0,
                4
            ],
            "title": "消毒/烘干",
            "unit": "",
            "value_des": [
                {
                    "data": "0",
                    "desc": "关"
                },
                {
                    "data": "1",
                    "desc": "档位1"
                },
                {
                    "data": "2",
                    "desc": "档位2"
                },
                {
                    "data": "3",
                    "desc": "档位3"
                },
                {
                    "data": "4",
                    "desc": "档位4"
                }
            ]
        },
        {
            "value": 0,
            "name": "DISINFECT_TIME",
            "permission": "477",
            "no": "5",
            "length": "16",
            "id": "5",
            "values": [
                0,
                65535
            ],
            "title": "消毒/烘干时间",
            "unit": "s",
            "value_des": []
        },
        {
            "value": 0,
            "name": "WASH",
            "permission": "777",
            "no": "6",
            "length": "8",
            "id": "6",
            "values": [
                0,
                1
            ],
            "title": "清洗",
            "unit": "",
            "value_des": [
                {
                    "data": "0",
                    "desc": "关"
                },
                {
                    "data": "1",
                    "desc": "开"
                }
            ]
        },
        {
            "value": 0,
            "name": "WASH_TIME",
            "permission": "477",
            "no": "7",
            "length": "16",
            "id": "7",
            "values": [
                0,
                65535
            ],
            "title": "清洗时间",
            "unit": "s",
            "value_des": []
        },
        {
            "value": 0,
            "name": "LAMP_MOOD",
            "permission": "777",
            "no": "8",
            "length": "8",
            "id": "8",
            "values": [
                0,
                1
            ],
            "title": "氛围灯",
            "unit": "",
            "value_des": [
                {
                    "data": "0",
                    "desc": "关"
                },
                {
                    "data": "1",
                    "desc": "开"
                }
            ]
        },
        {
            "value": 0,
            "name": "WARM",
            "permission": "777",
            "no": "9",
            "length": "8",
            "id": "9",
            "values": [
                0,
                1
            ],
            "title": "保温",
            "unit": "",
            "value_des": [
                {
                    "data": "0",
                    "desc": "关"
                },
                {
                    "data": "1",
                    "desc": "开"
                }
            ]
        },
        {
            "value": 0,
            "name": "MISFIRE_LEFT",
            "permission": "777",
            "no": "10",
            "length": "8",
            "id": "10",
            "values": [
                0,
                3
            ],
            "title": "左定时熄火",
            "unit": "",
            "value_des": [
                {
                    "data": "0",
                    "desc": "正常"
                },
                {
                    "data": "1",
                    "desc": "马上关"
                },
                {
                    "data": "2",
                    "desc": "延时30秒"
                },
                {
                    "data": "3",
                    "desc": "延时1分钟"
                }
            ]
        },
        {
            "value": 0,
            "name": "MISFIRE_RIGHT",
            "permission": "777",
            "no": "11",
            "length": "8",
            "id": "11",
            "values": [
                0,
                3
            ],
            "title": "右定时熄火",
            "unit": "",
            "value_des": [
                {
                    "data": "0",
                    "desc": "正常"
                },
                {
                    "data": "1",
                    "desc": "马上关"
                },
                {
                    "data": "2",
                    "desc": "延时30秒"
                },
                {
                    "data": "3",
                    "desc": "延时1分钟"
                }
            ]
        },
        {
            "value": 0,
            "name": "FIRE_LEFT",
            "permission": "477",
            "no": "12",
            "length": "8",
            "id": "12",
            "values": [
                0,
                1
            ],
            "title": "左火焰信号",
            "unit": "",
            "value_des": [
                {
                    "data": "0",
                    "desc": "灭"
                },
                {
                    "data": "1",
                    "desc": "开"
                }
            ]
        },
        {
            "value": 0,
            "name": "FIRE_RIGHT",
            "permission": "477",
            "no": "13",
            "length": "8",
            "id": "13",
            "values": [
                0,
                1
            ],
            "title": "右火焰信号",
            "unit": "",
            "value_des": [
                {
                    "data": "0",
                    "desc": "灭"
                },
                {
                    "data": "1",
                    "desc": "开"
                }
            ]
        }
    ],
    "faults":[],
    "params":[]
}