{
    "functions": [
        {
            "id": "1",
            "no": "1",
            "type": "int",
            "value_des": [
                {
                    "data": "1",
                    "desc": "电源开"
                },
                {
                    "data": "0",
                    "desc": "电源关"
                }
            ],
            "values": [
                0,
                1
            ],
            "permission": "777",
            "unit": "",
            "widget": "button",
            "length": "1",
            "value": 0,
            "name": "POWER",
            "title": "电源"
        },
        {
            "id": "2",
            "no": "2",
            "type": "int",
            "value_des": [
                {
                    "data": "0",
                    "desc": "关"
                },
                {
                    "data": "1",
                    "desc": "开"
                }
            ],
            "values": [
                0,
                3
            ],
            "permission": "777",
            "unit": "",
            "widget": "button",
            "length": "2",
            "value": 0,
            "name": "RORATE_TOAST",
            "title": "转烤"
        },
        {
            "id": "3",
            "no": "3",
            "type": "int",
            "value_des": [
                {
                    "data": "0",
                    "desc": "关"
                },
                {
                    "data": "1",
                    "desc": "开"
                }
            ],
            "values": [
                0,
                1
            ],
            "permission": "777",
            "unit": "",
            "widget": "button",
            "length": "1",
            "value": 0,
            "name": "CLICK",
            "title": "可按"
        },
        {
            "id": "4",
            "no": "4",
            "type": "int",
            "value_des": [
                {
                    "data": "0",
                    "desc": "关"
                },
                {
                    "data": "1",
                    "desc": "开"
                }
            ],
            "values": [
                0,
                1
            ],
            "permission": "777",
            "unit": "",
            "widget": "button",
            "length": "1",
            "value": 0,
            "name": "LOCK",
            "title": "童锁"
        },
        {
            "id": "5",
            "no": "5",
            "type": "int",
            "value_des": [
                {
                    "data": "0",
                    "desc": "关"
                },
                {
                    "data": "1",
                    "desc": "开"
                }
            ],
            "values": [
                0,
                1
            ],
            "permission": "777",
            "unit": "",
            "widget": "button",
            "length": "1",
            "value": 0,
            "name": "LIGHT",
            "title": "照明"
        },
        {
            "id": "6",
            "no": "6",
            "type": "int",
            "value_des": [
                {
                    "data": "0",
                    "desc": "关"
                },
                {
                    "data": "1",
                    "desc": "开"
                }
            ],
            "values": [
                0,
                1
            ],
            "permission": "777",
            "unit": "",
            "widget": "button",
            "length": "1",
            "value": 0,
            "name": "WORK_PAUSE",
            "title": "启停"
        },
        {
            "id": "7",
            "no": "7",
            "type": "int",
            "value_des": [
                {
                    "data": "0",
                    "desc": "关"
                },
                {
                    "data": "1",
                    "desc": "开"
                }
            ],
            "values": [
                0,
                1
            ],
            "permission": "777",
            "unit": "",
            "widget": "button",
            "length": "1",
            "value": 0,
            "name": "WORK",
            "title": "工作"
        },
        {
            "id": "8",
            "no": "8",
            "type": "int",
            "value_des": [
                {
                    "data": "0",
                    "desc": "基本功能"
                },
                {
                    "data": "1",
                    "desc": "蔬菜类"
                },
                {
                    "data": "2",
                    "desc": "水果类"
                },
                {
                    "data": "3",
                    "desc": "肉类"
                },
                {
                    "data": "4",
                    "desc": "鱼类"
                },
                {
                    "data": "5",
                    "desc": "蛋类"
                },
                {
                    "data": "6",
                    "desc": "米饭"
                },
                {
                    "data": "7",
                    "desc": "面食"
                }, {
                    "data": "16",
                    "desc": "快热模式"
                },
                {
                    "data": "17",
                    "desc": "蛋糕"
                },
                {
                    "data": "18",
                    "desc": "家禽"
                },
                {
                    "data": "19",
                    "desc": "面包"
                },
                {
                    "data": "20",
                    "desc": "肉类"
                },
                {
                    "data": "21",
                    "desc": "鱼类"
                },
                {
                    "data": "22",
                    "desc": "披萨"
                },
                {
                    "data": "23",
                    "desc": "饼干"
                }
            ],
            "values": [
                0,
                23
            ],
            "permission": "777",
            "unit": "",
            "widget": "button",
            "length": "8",
            "value": 0,
            "name": "FUNCTION",
            "title": "功能"
        },
        {
            "id": "9",
            "no": "9",
            "type": "int",
            "value_des": [ ],
            "values": [
                0,
                10
            ],
            "permission": "777",
            "unit": "",
            "widget": "button",
            "length": "8",
            "value": 0,
            "name": "MODE",
            "title": "模式"
        },
        {
            "id": "10",
            "no": "10",
            "type": "int",
            "value_des": [ ],
            "values": [
                0,
                255
            ],
            "permission": "777",
            "unit": "",
            "widget": "button",
            "length": "8",
            "value": 0,
            "name": "WORK_SET_TEMP",
            "title": "设定工作温度"
        },
        {
            "id": "11",
            "no": "11",
            "type": "int",
            "value_des": [ ],
            "values": [
                0,
                255
            ],
            "permission": "777",
            "unit": "",
            "widget": "button",
            "length": "8",
            "value": 0,
            "name": "WORK_SET_TEMP_MIN",
            "title": "工作温度范围下限"
        },
        {
            "id": "12",
            "no": "12",
            "type": "int",
            "value_des": [ ],
            "values": [
                0,
                255
            ],
            "permission": "777",
            "unit": "",
            "widget": "button",
            "length": "8",
            "value": 0,
            "name": "WORK_SET_TEMP_MAX",
            "title": "工作温度范围上限"
        },
        {
            "id": "13",
            "no": "13",
            "type": "int",
            "value_des": [ ],
            "values": [
                0,
                255
            ],
            "permission": "777",
            "unit": "",
            "widget": "button",
            "length": "8",
            "value": 0,
            "name": "WORK_TEMP",
            "title": "工作温度"
        },
        {
            "id": "14",
            "no": "14",
            "type": "int",
            "value_des": [ ],
            "values": [
                0,
                65535
            ],
            "permission": "777",
            "unit": "s",
            "widget": "button",
            "length": "16",
            "value": 0,
            "name": "WORK_SET_TIME",
            "title": "设定工作时间"
        },
        {
            "id": "15",
            "no": "15",
            "type": "int",
            "value_des": [ ],
            "values": [
                0,
                65535
            ],
            "permission": "777",
            "unit": "s",
            "widget": "button",
            "length": "16",
            "value": 0,
            "name": "WORK_SET_TIME_MIN",
            "title": "工作时间范围下限"
        },
        {
            "id": "16",
            "no": "16",
            "type": "int",
            "value_des": [ ],
            "values": [
                0,
                255
            ],
            "permission": "777",
            "unit": "s",
            "widget": "button",
            "length": "16",
            "value": 0,
            "name": "WORK_SET_TIME_MAX",
            "title": "工作时间范围上限"
        },
        {
            "id": "17",
            "no": "17",
            "type": "int",
            "value_des": [ ],
            "values": [
                0,
                65535
            ],
            "permission": "777",
            "unit": "s",
            "widget": "button",
            "length": "16",
            "value": 0,
            "name": "WORK_TIME",
            "title": "工作时间"
        },
        {
            "id": "18",
            "no": "18",
            "type": "int",
            "value_des": [
                {
                    "data": "0",
                    "desc": "关"
                },
                {
                    "data": "1",
                    "desc": "开"
                }
            ],
            "values": [
                0,
                1
            ],
            "permission": "777",
            "unit": "s",
            "widget": "button",
            "length": "5",
            "value": 0,
            "name": "READ_LOCK",
            "title": "童锁"
        },
        {
            "id": "19",
            "no": "19",
            "type": "int",
            "value_des": [
                {
                    "data": "0",
                    "desc": "关"
                },
                {
                    "data": "1",
                    "desc": "开"
                }
            ],
            "values": [
                0,
                1
            ],
            "permission": "777",
            "unit": "s",
            "widget": "button",
            "length": "1",
            "value": 0,
            "name": "WATERBOX",
            "title": "水箱"
        },
        {
            "id": "20",
            "no": "20",
            "type": "int",
            "value_des": [
                {
                    "data": "0",
                    "desc": "关"
                },
                {
                    "data": "1",
                    "desc": "开"
                }
            ],
            "values": [
                0,
                1
            ],
            "permission": "777",
            "unit": "s",
            "widget": "button",
            "length": "1",
            "value": 0,
            "name": "WATER",
            "title": "水"
        },
        {
            "id": "21",
            "no": "21",
            "type": "int",
            "value_des": [
                {
                    "data": "0",
                    "desc": "关"
                },
                {
                    "data": "1",
                    "desc": "开"
                }
            ],
            "values": [
                0,
                1
            ],
            "permission": "777",
            "unit": "s",
            "widget": "button",
            "length": "1",
            "value": 0,
            "name": "DOOR",
            "title": "门"
        },
        {
            "id": "22",
            "no": "22",
            "type": "int",
            "value_des": [
                {
                    "data": "0",
                    "desc": "关"
                },
                {
                    "data": "1",
                    "desc": "开"
                }
            ],
            "values": [
                0,
                1
            ],
            "permission": "777",
            "unit": "s",
            "widget": "button",
            "length": "4",
            "value": 0,
            "name": "LOST_WATER",
            "title": "缺水"
        },
        {
            "id": "23",
            "no": "23",
            "type": "int",
            "value_des": [
                {
                    "data": "0",
                    "desc": "关"
                },
                {
                    "data": "1",
                    "desc": "开"
                }
            ],
            "values": [
                0,
                1
            ],
            "permission": "777",
            "unit": "s",
            "widget": "button",
            "length": "1",
            "value": 0,
            "name": "ERROR1",
            "title": "热开路"
        },
        {
            "id": "24",
            "no": "24",
            "type": "int",
            "value_des": [
                {
                    "data": "0",
                    "desc": "关"
                },
                {
                    "data": "1",
                    "desc": "开"
                }
            ],
            "values": [
                0,
                1
            ],
            "permission": "777",
            "unit": "s",
            "widget": "button",
            "length": "1",
            "value": 0,
            "name": "ERROR2",
            "title": "热短路"
        },
        {
            "id": "25",
            "no": "25",
            "type": "int",
            "value_des": [
                {
                    "data": "0",
                    "desc": "关"
                },
                {
                    "data": "1",
                    "desc": "开"
                }
            ],
            "values": [
                0,
                1
            ],
            "permission": "777",
            "unit": "s",
            "widget": "button",
            "length": "1",
            "value": 0,
            "name": "ERROR3",
            "title": "箱开路"
        },
        {
            "id": "26",
            "no": "26",
            "type": "int",
            "value_des": [
                {
                    "data": "0",
                    "desc": "关"
                },
                {
                    "data": "1",
                    "desc": "开"
                }
            ],
            "values": [
                0,
                1
            ],
            "permission": "777",
            "unit": "s",
            "widget": "button",
            "length": "1",
            "value": 0,
            "name": "ERROR4",
            "title": "箱短路"
        }
    ],
    "faults":[],
    "frames": [
        {
            "pid":1,
            "length":1,
            "ptype":"cmdhead",
            "cmdhead":{
                "send":"A5",
                "response":"A5"
            }
        },
        {
            "pid": 2,
            "length": 1,
            "ptype": "device_type"
        },
        {
            "pid":3,
            "length":1,
            "ptype":"cmdtype",
            "cmdtype":[
                {
                    "code":"00",
                    "type":"HEART"
                },
                {
                    "code":"01",
                    "type":"CONTROL"
                },
                {
                    "code":"02",
                    "type":"PARAMS"
                },
                {
                    "code":"03",
                    "type":"CONTROLALL"
                },
                {
                    "code":"04",
                    "type":"MUC_CONTROL"
                },
                {
                    "code":"ff",
                    "type":"QUERY"
                }
            ]
        },
        {
            "pid": 4,
            "length": 2,
            "ptype": "serial_number"
        },
        {
            "pid": 5,
            "length": 17,
            "ptype": "cmddata"
        },
        {
            "pid": 6,
            "length": 1,
            "ptype": "checksum",
            "checksum":{
                "start_pid":2,
                "end_pid":5,
                "type":"SUM"
            }
        }
    ],
    "cmdconfig":{
        "SendHeart":false,
        "HeartFrequency":0,
        "SupportSerial":true,
        "ResendInterval":100,
        "ResendTimes":3,
        "SupportSignleContorl":false,
        "SendResponse":false,
        "isStandard":false
    },
    "key": "",
    "model": "PC-001",
    "name": "纳帕油烟机",
    "secret": "UC9ItwqlwFDzRHEUJtOhDBU3JaWQpCXB"
}